03b8dac0-be98-4f71-9440-76c406cbf2c1,2
07ae2aa8-5031-4312-b26e-84a5c753daac,4
0cbd57d0-d99e-49f9-b364-2621eea43d52,3
1a7a6016-79ea-4639-8e0e-e61b3b81efc4,2
256d6bdb-9044-4bf9-b0f3-c70c7167dc95,1
2a6e6cbf-3ac8-47b7-aba1-99a776fc5f18,1
3ee66eb3-4786-4bda-b7f1-c145b1a57a6b,17
3f26f7da-27ff-4a74-aa8f-7357234a790f,1
44bcde48-ac71-46f2-bf73-24fc3c008b6c,3
4bfac3ea-8763-4f4b-a71a-76a6f5f243d3,23
50c9509d-22c7-4a22-a47d-8c48425ef4a7,221
56aa0680-0c60-11dd-84cd-b8a03c50a862,2
5aa8c4ed-3df2-4179-8e6a-16222f2dbe1c,1
6197c830-d9c7-11de-b793-b8a03c50a862,1
763f9aee-060c-4d71-a538-16c383e53a4d,8
7a9ad56e-7452-4f24-a1b4-3be3400c9a9d,1
7b4ddcab-3bb1-4c28-a805-b166a550410c,3
7fbf4372-f762-11e1-a439-00145eb45e9a,6
821cc27a-e3bb-4bc5-ac34-89ada245069d,16
84a6d076-f762-11e1-a439-00145eb45e9a,3
85487457-e02f-4dee-95ea-8dc0d220c52d,3
854e35e6-f762-11e1-a439-00145eb45e9a,1
86b50d88-f762-11e1-a439-00145eb45e9a,57
a004778c-d113-479e-a77f-990041283a51,246
a1229594-2bce-4682-8674-d3db51da9923,1
a267b6a7-91f9-457c-889a-481e7aa920b6,2
a2de0752-d60a-43a3-9ce8-9ef667810804,10
a307e4d7-1de2-4adc-95d5-a0a8d5f57236,7
a3741dfb-964a-4d84-ad4a-cd8cd11f74ea,3
ec0ad39f-3370-4d51-a663-cb27abd2a6bb,189
f5783452-6ff5-4bef-8f30-9adfeba81bd7,13
f8f6714c-e846-4ce8-819e-7d39839c2bf7,26
