"","datasetKey","n_occ"
"1","005eb8d8-ed94-41be-89cf-e3115a9058e4",2
"2","0214a6a7-898f-4ee8-b888-0be60ecde81f",1
"3","038b6cf8-4c53-4bf3-961e-9fe6c57b813e",1
"4","03b8dac0-be98-4f71-9440-76c406cbf2c1",1
"5","040c5662-da76-4782-a48e-cdea1892d14c",111
"6","07ae2aa8-5031-4312-b26e-84a5c753daac",15
"7","0991f9af-8ff9-4e34-a8b9-990bb522dc0c",2
"8","0ac88789-10f8-4a09-9f08-675043501d50",2
"9","137fbdbd-3c31-4fba-b6b6-4489ad39a6c4",4
"10","19841134-3010-4cdf-8be5-24e0e21c0b76",2
"11","1f2cfb6f-c91b-498e-80f3-8eeeec688292",3
"12","2429f28c-dc43-40e7-92f6-49206e0729fb",1
"13","2a6e6cbf-3ac8-47b7-aba1-99a776fc5f18",38
"14","2bf7b2c0-34dc-4458-8ee4-4f99fac03b33",1
"15","3ee66eb3-4786-4bda-b7f1-c145b1a57a6b",22
"16","3f26f7da-27ff-4a74-aa8f-7357234a790f",2
"17","417f4d21-959b-4773-90a2-c38d1822d873",12
"18","427a6290-0c65-11dd-84d2-b8a03c50a862",3
"19","44bcde48-ac71-46f2-bf73-24fc3c008b6c",36
"20","4bfac3ea-8763-4f4b-a71a-76a6f5f243d3",52
"21","50c9509d-22c7-4a22-a47d-8c48425ef4a7",542
"22","5378e1cf-522d-4469-8776-b709579b4a3e",3
"23","56aa0680-0c60-11dd-84cd-b8a03c50a862",1
"24","58d0f326-2e85-4d0a-a744-571461220f00",11
"25","5a6977c1-ece6-44b8-b71d-43cb1d4e0919",9
"26","5e848873-567f-42dd-8a29-88056b9b33a4",4
"27","5fbfc32a-2eee-4bdd-8ca4-e6fca275a7a8",1
"28","6197c830-d9c7-11de-b793-b8a03c50a862",1
"29","71d46a30-f762-11e1-a439-00145eb45e9a",2
"30","763f9aee-060c-4d71-a538-16c383e53a4d",5
"31","7a9ad56e-7452-4f24-a1b4-3be3400c9a9d",2
"32","7b4ddcab-3bb1-4c28-a805-b166a550410c",1
"33","7d8ed137-1d30-42f1-8b78-12a4957e4690",3
"34","7e380070-f762-11e1-a439-00145eb45e9a",2
"35","7eae038e-7a8e-492e-a4dc-43238cce7c52",1
"36","7fbf4372-f762-11e1-a439-00145eb45e9a",1
"37","80b2b8cc-f762-11e1-a439-00145eb45e9a",1
"38","80ebe7f9-00ee-4fe3-80f6-303729cf5bac",1
"39","8138eb72-f762-11e1-a439-00145eb45e9a",2
"40","821cc27a-e3bb-4bc5-ac34-89ada245069d",84
"41","8291593c-f762-11e1-a439-00145eb45e9a",1
"42","84a6d076-f762-11e1-a439-00145eb45e9a",1
"43","85487457-e02f-4dee-95ea-8dc0d220c52d",6
"44","854e35e6-f762-11e1-a439-00145eb45e9a",4
"45","857bce66-f762-11e1-a439-00145eb45e9a",2
"46","85b1cfb6-f762-11e1-a439-00145eb45e9a",41
"47","8674480c-ebdc-42cf-8d42-c3762fe137d8",36
"48","8696eec0-f762-11e1-a439-00145eb45e9a",2
"49","86b50d88-f762-11e1-a439-00145eb45e9a",29
"50","98db0c34-403c-448d-9ac7-e8546abd6e63",3
"51","a004778c-d113-479e-a77f-990041283a51",34
"52","a267b6a7-91f9-457c-889a-481e7aa920b6",21
"53","a307e4d7-1de2-4adc-95d5-a0a8d5f57236",8
"54","b68d2bce-9cc5-4a65-b150-1e4de5df7cb5",1
"55","b8c97ae9-e444-48d8-8705-198d8c1e6fdd",2
"56","b929f23d-290f-4e85-8f17-764c55b3b284",4
"57","bec73359-a65f-4402-9692-f498ef0e71cb",2
"58","c8681cc2-9d0a-4c5f-b620-5c753abfe2bc",2
"59","ca62d9a7-e2b0-4755-b7a0-f7406a4f80ac",2
"60","ca83b8e3-d395-4895-8d1f-483865f95de7",522
"61","d8cd16ba-bb74-4420-821e-083f2bac17c2",1
"62","d962a7dc-2183-4824-bb88-5e0ba14ec62d",20
"63","d9e3a5bc-3811-4811-a78c-77d78a2107d7",1
"64","e5d2aed2-a177-46ba-9ea8-c349160a4c2d",2
"65","ec0ad39f-3370-4d51-a663-cb27abd2a6bb",133
"66","f0a7ca6e-8da6-4629-97bd-0368705a4d6b",41
"67","f5783452-6ff5-4bef-8f30-9adfeba81bd7",6
"68","fc65374a-64af-4131-9c4e-e206945ac0b3",2
